{"b1bfb6f5-8fd3-4bc3-954e-3a7be48a72d4": {"used": false, "expiry": 1767970954.55228}, "09351d41-1252-49ab-9b16-3e436b685751": {"used": false, "expiry": 1767971449.0894306}, "34a8ebe7-c5c4-4957-9d25-5bbd50c0deae": {"used": false, "expiry": 1767971575.71763}, "9747e2ef-3a92-48f9-8f72-4f6b33f0a5a8": {"used": false, "expiry": 1767972100.398585}, "0f384a4a-eae5-4f2d-9b17-e9dc1569e985": {"used": false, "expiry": 1767972158.2549293}, "30e546d3-8f5d-4189-8528-d36db8ea3b19": {"used": false, "expiry": 1767972334.627028}, "32f9d58f-61b1-4ab9-9276-fea3160a8f27": {"used": false, "expiry": 1767975006.7441995}, "ad358e07-ca00-4eb2-bdd8-a767d4902809": {"used": false, "expiry": 1767975159.1675842}, "2fef1fa8-bbd5-45b2-8c91-2bb94064ef06": {"expiry": 1767975415.94162}, "77d4d839-5abc-4ce1-9084-c56935c4834f": {"expiry": 1767975808.0213177}, "593dfe3e-e01c-427e-9008-dfa3fe51f666": {"expiry": 1767975857.6600997}, "d9a17bb2-c2d9-421f-8423-6d382cf7a760": {"expiry": 1767975974.6024115}, "0904bfb2-0823-4f16-a9e7-c2bdccae238a": {"expiry": 1767976110.909739}, "7d4b6647-d27c-47dd-9985-be1c63d584dd": {"expiry": 1767976163.1071901}, "85e8ca8a-5646-4318-8f5c-82052feda467": {"expiry": 1767976183.6703322}, "c6c8e7ea-37af-4e9a-86c5-14a3bc179606": {"expiry": 1767976246.0378397}, "c173fccc-51e0-4a14-95ee-3b2b19b3fad2": {"expiry": 1767976384.1616297}, "2df73a38-0346-452e-b5ed-c7ad0cbfe415": {"expiry": 1768036495.1099896}, "b54a6cb3-d180-4658-90da-4b0ac120ed4b": {"expiry": 1768036983.9609356}, "63d80760-d3a9-47aa-a103-d0c94684820b": {"expiry": 1768037182.835983}, "b4a4a120-1b27-4d40-ac52-2a83c072657d": {"expiry": 1768037238.321134}, "362d3f5d-0b57-4c74-8dc7-aaa6e2ef6e10": {"expiry": 1768037311.6246598}, "6631f814-4906-4968-a3b9-bee67ca46eee": {"expiry": 1768119675.3938677}, "e9c057b5-a9fb-4f17-bc39-fe21529f0463": {"expiry": 1768119727.2053523}, "312cc061-a507-412f-9b89-cc1c454fc86b": {"expiry": 1768119812.7635798}, "ed543d67-dbf0-4a8c-abd2-c35b26396624": {"expiry": 1768119850.7618613}, "d866439d-b57f-42cf-9521-062217bb74bf": {"expiry": 1768119901.1209357}}